Name	Specific_primer	Match_Tm	Single_MM_Tm	Double_MM_Tm	MM_delta	GC%	Lenght	Common_primer	Match_Tm_common	GC%_common	Length_common	SNPs_FWD	Sec_str_FWD	SNPs_REV	Sec_str_REV	DeltaG_template	FWD_validation	REV_validation	Amplicon	Amp_length	Predicted_structure	Amplicon_delta_G
DMAS-0_2A_F_WT	ATTCTAAACTGTACCCTGTTACATA	58.545	54.464	55.229	0.765	32.0	25	ACTTCAGGGTGAGTCTATGG	59.564	50.0	20	{-7: ('rs7946748', 'G/A,')}	[-3, -2, 1]	0 found	0 predicted	-7.34	considered 1, ok 1	considered 1, ok 1	ATTCTAAACTGTACCCTGTTACATATCCCCTTCCTATGACATGAACTTAACCATAGAAAAGAAGGGGAAAGAAAACATCAAGCGTCCCATAGACTCACCCTGAAGT	106	.........................(((((((.............................)))))))......................................	-1.37
DMAS-0_2C_F_WT	CATTCTAAACTGTACCCTGTTACCTA	61.297	55.362	56.112	0.75	38.46	26	ACTTCAGGGTGAGTCTATGG	59.564	50.0	20	{-7: ('rs7946748', 'G/A,')}	[-3, -2, 1]	0 found	0 predicted	-7.34	considered 1, ok 1	considered 1, ok 1	CATTCTAAACTGTACCCTGTTACCTATCCCCTTCCTATGACATGAACTTAACCATAGAAAAGAAGGGGAAAGAAAACATCAAGCGTCCCATAGACTCACCCTGAAGT	107	..........................(((((((..(........................).)))))))......................................	-1.47
DMAS-0_3T_F_WT	CATTCTAAACTGTACCCTGTTATTTA	58.068	55.198	55.939	0.741	30.77	26	ACTTCAGGGTGAGTCTATGG	59.564	50.0	20	{-7: ('rs7946748', 'G/A,')}	[-3, -2, 1]	0 found	0 predicted	-7.34	considered 1, ok 1	considered 1, ok 1	CATTCTAAACTGTACCCTGTTATTTATCCCCTTCCTATGACATGAACTTAACCATAGAAAAGAAGGGGAAAGAAAACATCAAGCGTCCCATAGACTCACCCTGAAGT	107	..........................(((((((..(........................).)))))))......................................	-1.80
DMAS-0_3G_F_WT	TTCTAAACTGTACCCTGTTAGTTA	58.131	54.892	55.678	0.786	33.33	24	ACTTCAGGGTGAGTCTATGG	59.564	50.0	20	{-7: ('rs7946748', 'G/A,')}	[-3, -2, 1]	0 found	0 predicted	-7.34	considered 1, ok 1	considered 1, ok 1	TTCTAAACTGTACCCTGTTAGTTATCCCCTTCCTATGACATGAACTTAACCATAGAAAAGAAGGGGAAAGAAAACATCAAGCGTCCCATAGACTCACCCTGAAGT	105	........................(((((((..(........................).)))))))......................................	-1.58
DMAS-0_4T_F_WT	ATTCTAAACTGTACCCTGTTTCTTA	58.968	54.613	55.374	0.761	32.0	25	ACTTCAGGGTGAGTCTATGG	59.564	50.0	20	{-7: ('rs7946748', 'G/A,')}	[-3, -2, 1]	0 found	0 predicted	-7.34	considered 1, ok 1	considered 1, ok 1	ATTCTAAACTGTACCCTGTTTCTTATCCCCTTCCTATGACATGAACTTAACCATAGAAAAGAAGGGGAAAGAAAACATCAAGCGTCCCATAGACTCACCCTGAAGT	106	.................(.((((..(((((((..(........................).))))))).))))..)..............................	-3.26
DMAS-0_4C_F_WT	ATTCTAAACTGTACCCTGTTCCTTA	60.721	54.261	55.042	0.781	36.0	25	ACTTCAGGGTGAGTCTATGG	59.564	50.0	20	{-7: ('rs7946748', 'G/A,')}	[-3, -2, 1]	0 found	0 predicted	-7.34	considered 1, ok 1	considered 1, ok 1	ATTCTAAACTGTACCCTGTTCCTTATCCCCTTCCTATGACATGAACTTAACCATAGAAAAGAAGGGGAAAGAAAACATCAAGCGTCCCATAGACTCACCCTGAAGT	106	................((((.((..(((((((..(........................).))))))).))..)))).............................	-2.53
DMAS-0_4G_F_WT	TCTAAACTGTACCCTGTTGCTTA	60.702	55.736	56.589	0.853	39.13	23	ACTTCAGGGTGAGTCTATGG	59.564	50.0	20	{-7: ('rs7946748', 'G/A,')}	[-3, -2, 1]	0 found	0 predicted	-7.34	considered 1, ok 1	considered 1, ok 1	TCTAAACTGTACCCTGTTGCTTATCCCCTTCCTATGACATGAACTTAACCATAGAAAAGAAGGGGAAAGAAAACATCAAGCGTCCCATAGACTCACCCTGAAGT	104	..............((((.((..(((((((..(........................).))))))).))..)))).............................	-2.72
DMAS-0_2A_R_WT	GTTCATGTCATAGGAAGGGAAT	59.286	54.543	54.157	0.386	40.91	22	CTGAGACTTCCACACTGATG	59.009	50.0	20	0 found	0 predicted	0 found	[-21, -20, -19, -18, -17, -16, -15, -12]	-7.34	considered 1, ok 1	considered 1, ok 1	CTGAGACTTCCACACTGATGCAATCATTCGTCTGTTTCCCATTCTAAACTGTACCCTGTTACTTATTCCCTTCCTATGACATGAAC	86	......................................................................................	-0.46
DMAS-0_2T_R_WT	AGTTCATGTCATAGGAAGGGTAT	60.177	55.451	55.13	0.321	39.13	23	CTGAGACTTCCACACTGATG	59.009	50.0	20	0 found	0 predicted	0 found	[-22, -21, -20, -19, -18, -17, -16, -13]	-7.34	considered 1, ok 1	considered 1, ok 1	CTGAGACTTCCACACTGATGCAATCATTCGTCTGTTTCCCATTCTAAACTGTACCCTGTTACTTATACCCTTCCTATGACATGAACT	87	.......................................................................................	-0.48
DMAS-0_3A_R_WT	AGTTCATGTCATAGGAAGGAGAT	60.146	55.065	54.734	0.331	39.13	23	CTGAGACTTCCACACTGATG	59.009	50.0	20	0 found	0 predicted	0 found	[-22, -21, -20, -19, -18, -17, -16, -13]	-7.34	considered 1, ok 1	considered 1, ok 1	CTGAGACTTCCACACTGATGCAATCATTCGTCTGTTTCCCATTCTAAACTGTACCCTGTTACTTATCTCCTTCCTATGACATGAACT	87	.......................................................................................	-0.47
DMAS-0_3T_R_WT	AGTTCATGTCATAGGAAGGTGAT	60.621	54.745	54.406	0.339	39.13	23	CTGAGACTTCCACACTGATG	59.009	50.0	20	0 found	0 predicted	0 found	[-22, -21, -20, -19, -18, -17, -16, -13]	-7.34	considered 1, ok 1	considered 1, ok 1	CTGAGACTTCCACACTGATGCAATCATTCGTCTGTTTCCCATTCTAAACTGTACCCTGTTACTTATCACCTTCCTATGACATGAACT	87	.......................................................................................	-0.48
DMAS-0_4A_R_WT	AGTTCATGTCATAGGAAGAGGAT	60.146	55.065	54.734	0.331	39.13	23	CTGAGACTTCCACACTGATG	59.009	50.0	20	0 found	0 predicted	0 found	[-22, -21, -20, -19, -18, -17, -16, -13]	-7.34	considered 1, ok 1	considered 1, ok 1	CTGAGACTTCCACACTGATGCAATCATTCGTCTGTTTCCCATTCTAAACTGTACCCTGTTACTTATCCTCTTCCTATGACATGAACT	87	.......................................................................................	-0.47
DMAS-0_4T_R_WT	AGTTCATGTCATAGGAAGTGGAT	60.621	54.745	54.406	0.339	39.13	23	CTGAGACTTCCACACTGATG	59.009	50.0	20	0 found	0 predicted	0 found	[-22, -21, -20, -19, -18, -17, -16, -13]	-7.34	considered 1, ok 1	considered 1, ok 1	CTGAGACTTCCACACTGATGCAATCATTCGTCTGTTTCCCATTCTAAACTGTACCCTGTTACTTATCCACTTCCTATGACATGAACT	87	.......................................................................................	-0.48
DMAS-0_2A_F_MUT	TTCTAAACTGTACCCTGTTACATC	59.371	55.222	54.542	0.68	37.5	24	ACTTCAGGGTGAGTCTATGG	59.564	50.0	20	{-7: ('rs7946748', 'G/A,')}	[-5, -3, -2, -1]	0 found	0 predicted	-7.36	considered 1, ok 1	considered 1, ok 1	TTCTAAACTGTACCCTGTTACATCTCCCCTTCCTATGACATGAACTTAACCATAGAAAAGAAGGGGAAAGAAAACATCAAGCGTCCCATAGACTCACCCTGAAGT	105	.........................(((((...............................))))).......................................	-1.30
DMAS-0_3A_F_MUT	TCTAAACTGTACCCTGTTAATTC	57.042	55.19	54.483	0.707	34.78	23	ACTTCAGGGTGAGTCTATGG	59.564	50.0	20	{-7: ('rs7946748', 'G/A,')}	[-5, -3, -2, -1]	0 found	0 predicted	-7.36	considered 1, ok 1	considered 1, ok 1	TCTAAACTGTACCCTGTTAATTCTCCCCTTCCTATGACATGAACTTAACCATAGAAAAGAAGGGGAAAGAAAACATCAAGCGTCCCATAGACTCACCCTGAAGT	104	........................(((((...............................))))).......................................	-1.57
DMAS-0_3T_F_MUT	ATTCTAAACTGTACCCTGTTATTTC	58.011	55.008	54.365	0.643	32.0	25	ACTTCAGGGTGAGTCTATGG	59.564	50.0	20	{-7: ('rs7946748', 'G/A,')}	[-5, -3, -2, -1]	0 found	0 predicted	-7.36	considered 1, ok 1	considered 1, ok 1	ATTCTAAACTGTACCCTGTTATTTCTCCCCTTCCTATGACATGAACTTAACCATAGAAAAGAAGGGGAAAGAAAACATCAAGCGTCCCATAGACTCACCCTGAAGT	106	..........................(((((...............................))))).......................................	-1.88
DMAS-0_3G_F_MUT	TCTAAACTGTACCCTGTTAGTTC	58.809	55.492	54.809	0.683	39.13	23	ACTTCAGGGTGAGTCTATGG	59.564	50.0	20	{-7: ('rs7946748', 'G/A,')}	[-5, -3, -2, -1]	0 found	0 predicted	-7.36	considered 1, ok 1	considered 1, ok 1	TCTAAACTGTACCCTGTTAGTTCTCCCCTTCCTATGACATGAACTTAACCATAGAAAAGAAGGGGAAAGAAAACATCAAGCGTCCCATAGACTCACCCTGAAGT	104	........................(((((...............................))))).......................................	-1.52
DMAS-0_4T_F_MUT	TTCTAAACTGTACCCTGTTTCTTC	59.806	55.37	54.703	0.667	37.5	24	ACTTCAGGGTGAGTCTATGG	59.564	50.0	20	{-7: ('rs7946748', 'G/A,')}	[-5, -3, -2, -1]	0 found	0 predicted	-7.36	considered 1, ok 1	considered 1, ok 1	TTCTAAACTGTACCCTGTTTCTTCTCCCCTTCCTATGACATGAACTTAACCATAGAAAAGAAGGGGAAAGAAAACATCAAGCGTCCCATAGACTCACCCTGAAGT	105	................(.(((((..((((((..(........................).)))))).)))))..)..............................	-3.31
