Name	Specific_primer	Match_Tm	Single_MM_Tm	Double_MM_Tm	MM_delta	GC%	Lenght	Common_primer	Match_Tm_common	GC%_common	Length_common	SNPs_FWD	Sec_str_FWD	SNPs_REV	Sec_str_REV	DeltaG_template	FWD_validation	REV_validation	Amplicon	Amp_length	Predicted_structure	Amplicon_delta_G	Forward_specificity	Reverse_specificity	Specificity_filter_loose	Specificity_filter_strict	SNP_filter_loose	SNP_filter_strict	Sec_str_filter_loose	Sec_str_filter_strict	Validation_filter_loose	Validation_filter_strict
DMAS-0_2A_F_WT	ATTCTAAACTGTACCCTGTTACATA	58.545	54.464	55.229	0.765	32.0	25	ACTTCAGGGTGAGTCTATGG	59.564	50.0	20	{-7: ('rs7946748', 'G/A,')}	[-3, -2, 1]	0 found	0 predicted	-7.34	considered 1, ok 1	considered 1, ok 1	ATTCTAAACTGTACCCTGTTACATATCCCCTTCCTATGACATGAACTTAACCATAGAAAAGAAGGGGAAAGAAAACATCAAGCGTCCCATAGACTCACCCTGAAGT	106	.........................(((((((.............................)))))))......................................	-1.37	['chr11:5226479:22=1X2=:1']	['chr11:5226565:20=:0']	PASS	PASS	PASS	FAIL	PASS	PASS	PASS	PASS
DMAS-0_2C_F_WT	CATTCTAAACTGTACCCTGTTACCTA	61.297	55.362	56.112	0.75	38.46	26	ACTTCAGGGTGAGTCTATGG	59.564	50.0	20	{-7: ('rs7946748', 'G/A,')}	[-3, -2, 1]	0 found	0 predicted	-7.34	considered 1, ok 1	considered 1, ok 1	CATTCTAAACTGTACCCTGTTACCTATCCCCTTCCTATGACATGAACTTAACCATAGAAAAGAAGGGGAAAGAAAACATCAAGCGTCCCATAGACTCACCCTGAAGT	107	..........................(((((((..(........................).)))))))......................................	-1.47	['chr11:5226478:23=1X2=:1']	['chr11:5226565:20=:0']	PASS	PASS	PASS	FAIL	PASS	PASS	PASS	PASS
DMAS-0_2G_F_WT	TTCTAAACTGTACCCTGTTACGTA	60.351	55.119	55.91	0.791	37.5	24	ACTTCAGGGTGAGTCTATGG	59.564	50.0	20	{-7: ('rs7946748', 'G/A,')}	[-3, -2, 1]	0 found	0 predicted	-7.34	primer3 failed to validate primers	primer3 failed to validate primers	TTCTAAACTGTACCCTGTTACGTATCCCCTTCCTATGACATGAACTTAACCATAGAAAAGAAGGGGAAAGAAAACATCAAGCGTCCCATAGACTCACCCTGAAGT	105	........................((((((...............................))))))......................................	-1.34	['chr11:5226480:21=1X2=:1']	['chr11:5226565:20=:0']	PASS	PASS	PASS	FAIL	PASS	PASS	FAIL	FAIL
DMAS-0_3A_F_WT	ATTCTAAACTGTACCCTGTTAATTA	56.85	55.14	55.932	0.792	28.0	25	ACTTCAGGGTGAGTCTATGG	59.564	50.0	20	{-7: ('rs7946748', 'G/A,')}	[-3, -2, 1]	0 found	0 predicted	-7.34	considered 1, GC content failed 1, ok 0	considered 1, ok 1	ATTCTAAACTGTACCCTGTTAATTATCCCCTTCCTATGACATGAACTTAACCATAGAAAAGAAGGGGAAAGAAAACATCAAGCGTCCCATAGACTCACCCTGAAGT	106	.........................(((((((..(........................).)))))))......................................	-1.62	['chr11:5226479:21=1X3=:1']	['chr11:5226565:20=:0']	PASS	PASS	PASS	FAIL	PASS	PASS	FAIL	FAIL
DMAS-0_3T_F_WT	CATTCTAAACTGTACCCTGTTATTTA	58.068	55.198	55.939	0.741	30.77	26	ACTTCAGGGTGAGTCTATGG	59.564	50.0	20	{-7: ('rs7946748', 'G/A,')}	[-3, -2, 1]	0 found	0 predicted	-7.34	considered 1, ok 1	considered 1, ok 1	CATTCTAAACTGTACCCTGTTATTTATCCCCTTCCTATGACATGAACTTAACCATAGAAAAGAAGGGGAAAGAAAACATCAAGCGTCCCATAGACTCACCCTGAAGT	107	..........................(((((((..(........................).)))))))......................................	-1.80	['chr11:5226478:22=1X3=:1']	['chr11:5226565:20=:0']	PASS	PASS	PASS	FAIL	PASS	PASS	PASS	PASS
DMAS-0_3G_F_WT	TTCTAAACTGTACCCTGTTAGTTA	58.131	54.892	55.678	0.786	33.33	24	ACTTCAGGGTGAGTCTATGG	59.564	50.0	20	{-7: ('rs7946748', 'G/A,')}	[-3, -2, 1]	0 found	0 predicted	-7.34	considered 1, ok 1	considered 1, ok 1	TTCTAAACTGTACCCTGTTAGTTATCCCCTTCCTATGACATGAACTTAACCATAGAAAAGAAGGGGAAAGAAAACATCAAGCGTCCCATAGACTCACCCTGAAGT	105	........................(((((((..(........................).)))))))......................................	-1.58	['chr11:5226480:20=1X3=:1']	['chr11:5226565:20=:0']	PASS	PASS	PASS	FAIL	PASS	PASS	PASS	PASS
DMAS-0_4T_F_WT	ATTCTAAACTGTACCCTGTTTCTTA	58.968	54.613	55.374	0.761	32.0	25	ACTTCAGGGTGAGTCTATGG	59.564	50.0	20	{-7: ('rs7946748', 'G/A,')}	[-3, -2, 1]	0 found	0 predicted	-7.34	considered 1, ok 1	considered 1, ok 1	ATTCTAAACTGTACCCTGTTTCTTATCCCCTTCCTATGACATGAACTTAACCATAGAAAAGAAGGGGAAAGAAAACATCAAGCGTCCCATAGACTCACCCTGAAGT	106	.................(.((((..(((((((..(........................).))))))).))))..)..............................	-3.26	['chr11:5226479:20=1X4=:1']	['chr11:5226565:20=:0']	PASS	PASS	PASS	FAIL	PASS	PASS	PASS	PASS
DMAS-0_4C_F_WT	ATTCTAAACTGTACCCTGTTCCTTA	60.721	54.261	55.042	0.781	36.0	25	ACTTCAGGGTGAGTCTATGG	59.564	50.0	20	{-7: ('rs7946748', 'G/A,')}	[-3, -2, 1]	0 found	0 predicted	-7.34	considered 1, ok 1	considered 1, ok 1	ATTCTAAACTGTACCCTGTTCCTTATCCCCTTCCTATGACATGAACTTAACCATAGAAAAGAAGGGGAAAGAAAACATCAAGCGTCCCATAGACTCACCCTGAAGT	106	................((((.((..(((((((..(........................).))))))).))..)))).............................	-2.53	['chr11:5226479:20=1X4=:1']	['chr11:5226565:20=:0']	PASS	PASS	PASS	FAIL	PASS	PASS	PASS	PASS
DMAS-0_4G_F_WT	TCTAAACTGTACCCTGTTGCTTA	60.702	55.736	56.589	0.853	39.13	23	ACTTCAGGGTGAGTCTATGG	59.564	50.0	20	{-7: ('rs7946748', 'G/A,')}	[-3, -2, 1]	0 found	0 predicted	-7.34	considered 1, ok 1	considered 1, ok 1	TCTAAACTGTACCCTGTTGCTTATCCCCTTCCTATGACATGAACTTAACCATAGAAAAGAAGGGGAAAGAAAACATCAAGCGTCCCATAGACTCACCCTGAAGT	104	..............((((.((..(((((((..(........................).))))))).))..)))).............................	-2.72	['chr11:5226481:18=1X4=:1']	['chr11:5226565:20=:0']	PASS	PASS	PASS	FAIL	PASS	PASS	PASS	PASS
DMAS-0_2A_R_WT	GTTCATGTCATAGGAAGGGAAT	59.286	54.543	54.157	0.386	40.91	22	CTGAGACTTCCACACTGATG	59.009	50.0	20	0 found	0 predicted	0 found	[-21, -20, -19, -18, -17, -16, -15, -12]	-7.34	considered 1, ok 1	considered 1, ok 1	CTGAGACTTCCACACTGATGCAATCATTCGTCTGTTTCCCATTCTAAACTGTACCCTGTTACTTATTCCCTTCCTATGACATGAAC	86	......................................................................................	-0.46	['chr11:5226439:20=:0']	['chr11:5226503:2=1X19=:1']	PASS	PASS	PASS	PASS	PASS	PASS	PASS	PASS
DMAS-0_2T_R_WT	AGTTCATGTCATAGGAAGGGTAT	60.177	55.451	55.13	0.321	39.13	23	CTGAGACTTCCACACTGATG	59.009	50.0	20	0 found	0 predicted	0 found	[-22, -21, -20, -19, -18, -17, -16, -13]	-7.34	considered 1, ok 1	considered 1, ok 1	CTGAGACTTCCACACTGATGCAATCATTCGTCTGTTTCCCATTCTAAACTGTACCCTGTTACTTATACCCTTCCTATGACATGAACT	87	.......................................................................................	-0.48	['chr11:5226439:20=:0']	['chr11:5226503:2=1X20=:1']	PASS	PASS	PASS	PASS	PASS	PASS	PASS	PASS
DMAS-0_2C_R_WT	GTTCATGTCATAGGAAGGGCAT	62.015	54.861	54.487	0.374	45.45	22	CTGAGACTTCCACACTGATG	59.009	50.0	20	0 found	0 predicted	0 found	[-21, -20, -19, -18, -17, -16, -15, -12]	-7.34	considered 1, ok 1	considered 1, ok 0	CTGAGACTTCCACACTGATGCAATCATTCGTCTGTTTCCCATTCTAAACTGTACCCTGTTACTTATGCCCTTCCTATGACATGAAC	86	......................................................................................	-0.48	['chr11:5226439:20=:0']	['chr11:5226503:2=1X19=:1']	PASS	PASS	PASS	PASS	PASS	PASS	FAIL	FAIL
DMAS-0_3A_R_WT	AGTTCATGTCATAGGAAGGAGAT	60.146	55.065	54.734	0.331	39.13	23	CTGAGACTTCCACACTGATG	59.009	50.0	20	0 found	0 predicted	0 found	[-22, -21, -20, -19, -18, -17, -16, -13]	-7.34	considered 1, ok 1	considered 1, ok 1	CTGAGACTTCCACACTGATGCAATCATTCGTCTGTTTCCCATTCTAAACTGTACCCTGTTACTTATCTCCTTCCTATGACATGAACT	87	.......................................................................................	-0.47	['chr11:5226439:20=:0']	['chr11:5226503:3=1X19=:1']	PASS	PASS	PASS	PASS	PASS	PASS	PASS	PASS
DMAS-0_3T_R_WT	AGTTCATGTCATAGGAAGGTGAT	60.621	54.745	54.406	0.339	39.13	23	CTGAGACTTCCACACTGATG	59.009	50.0	20	0 found	0 predicted	0 found	[-22, -21, -20, -19, -18, -17, -16, -13]	-7.34	considered 1, ok 1	considered 1, ok 1	CTGAGACTTCCACACTGATGCAATCATTCGTCTGTTTCCCATTCTAAACTGTACCCTGTTACTTATCACCTTCCTATGACATGAACT	87	.......................................................................................	-0.48	['chr11:5226439:20=:0']	['chr11:5226503:3=1X19=:1']	PASS	PASS	PASS	PASS	PASS	PASS	PASS	PASS
DMAS-0_3C_R_WT	AGTTCATGTCATAGGAAGGCGAT	63.237	54.631	54.287	0.344	43.48	23	CTGAGACTTCCACACTGATG	59.009	50.0	20	0 found	0 predicted	0 found	[-22, -21, -20, -19, -18, -17, -16, -13]	-7.34	considered 1, ok 1	considered 1, ok 0	CTGAGACTTCCACACTGATGCAATCATTCGTCTGTTTCCCATTCTAAACTGTACCCTGTTACTTATCGCCTTCCTATGACATGAACT	87	.......................................................................................	-0.48	['chr11:5226439:20=:0']	['chr11:5226503:3=1X19=:1']	PASS	PASS	PASS	PASS	PASS	PASS	FAIL	FAIL
DMAS-0_4A_R_WT	AGTTCATGTCATAGGAAGAGGAT	60.146	55.065	54.734	0.331	39.13	23	CTGAGACTTCCACACTGATG	59.009	50.0	20	0 found	0 predicted	0 found	[-22, -21, -20, -19, -18, -17, -16, -13]	-7.34	considered 1, ok 1	considered 1, ok 1	CTGAGACTTCCACACTGATGCAATCATTCGTCTGTTTCCCATTCTAAACTGTACCCTGTTACTTATCCTCTTCCTATGACATGAACT	87	.......................................................................................	-0.47	['chr11:5226439:20=:0']	['chr11:5226503:4=1X18=:1']	PASS	PASS	PASS	PASS	PASS	PASS	PASS	PASS
DMAS-0_4T_R_WT	AGTTCATGTCATAGGAAGTGGAT	60.621	54.745	54.406	0.339	39.13	23	CTGAGACTTCCACACTGATG	59.009	50.0	20	0 found	0 predicted	0 found	[-22, -21, -20, -19, -18, -17, -16, -13]	-7.34	considered 1, ok 1	considered 1, ok 1	CTGAGACTTCCACACTGATGCAATCATTCGTCTGTTTCCCATTCTAAACTGTACCCTGTTACTTATCCACTTCCTATGACATGAACT	87	.......................................................................................	-0.48	['chr11:5226439:20=:0']	['chr11:5226503:4=1X18=:1']	PASS	PASS	PASS	PASS	PASS	PASS	PASS	PASS
DMAS-0_4C_R_WT	AGTTCATGTCATAGGAAGCGGAT	63.237	54.631	54.287	0.344	43.48	23	CTGAGACTTCCACACTGATG	59.009	50.0	20	0 found	0 predicted	0 found	[-22, -21, -20, -19, -18, -17, -16, -13]	-7.34	considered 1, ok 1	considered 1, ok 0	CTGAGACTTCCACACTGATGCAATCATTCGTCTGTTTCCCATTCTAAACTGTACCCTGTTACTTATCCGCTTCCTATGACATGAACT	87	.......................................................................................	-0.48	['chr11:5226439:20=:0']	['chr11:5226503:4=1X18=:1']	PASS	PASS	PASS	PASS	PASS	PASS	FAIL	FAIL
DMAS-0_2A_F_MUT	TTCTAAACTGTACCCTGTTACATC	59.371	55.222	54.542	0.68	37.5	24	ACTTCAGGGTGAGTCTATGG	59.564	50.0	20	{-7: ('rs7946748', 'G/A,')}	[-5, -3, -2, -1]	0 found	0 predicted	-7.36	considered 1, ok 1	considered 1, ok 1	TTCTAAACTGTACCCTGTTACATCTCCCCTTCCTATGACATGAACTTAACCATAGAAAAGAAGGGGAAAGAAAACATCAAGCGTCCCATAGACTCACCCTGAAGT	105	.........................(((((...............................))))).......................................	-1.30	['chr11:5226480:21=1X1=1X:2']	['chr11:5226565:20=:0']	PASS	PASS	PASS	FAIL	PASS	PASS	PASS	PASS
DMAS-0_2C_F_MUT	ATTCTAAACTGTACCCTGTTACCTC	61.371	55.172	54.505	0.667	40.0	25	ACTTCAGGGTGAGTCTATGG	59.564	50.0	20	{-7: ('rs7946748', 'G/A,')}	[-5, -3, -2, -1]	0 found	0 predicted	-7.36	considered 1, ok 0	considered 1, ok 1	ATTCTAAACTGTACCCTGTTACCTCTCCCCTTCCTATGACATGAACTTAACCATAGAAAAGAAGGGGAAAGAAAACATCAAGCGTCCCATAGACTCACCCTGAAGT	106	..........................(((((...............................))))).......................................	-1.23	['chr11:5226479:22=1X1=1X:2']	['chr11:5226565:20=:0']	PASS	PASS	PASS	FAIL	PASS	PASS	FAIL	FAIL
DMAS-0_2G_F_MUT	TCTAAACTGTACCCTGTTACGTC	61.09	55.73	55.043	0.687	43.48	23	ACTTCAGGGTGAGTCTATGG	59.564	50.0	20	{-7: ('rs7946748', 'G/A,')}	[-5, -3, -2, -1]	0 found	0 predicted	-7.36	considered 1, ok 0	considered 1, ok 1	TCTAAACTGTACCCTGTTACGTCTCCCCTTCCTATGACATGAACTTAACCATAGAAAAGAAGGGGAAAGAAAACATCAAGCGTCCCATAGACTCACCCTGAAGT	104	........................(((((...............................))))).......................................	-1.22	['chr11:5226481:20=1X1=1X:2']	['chr11:5226565:20=:0']	PASS	PASS	PASS	FAIL	PASS	PASS	FAIL	FAIL
DMAS-0_3A_F_MUT	TCTAAACTGTACCCTGTTAATTC	57.042	55.19	54.483	0.707	34.78	23	ACTTCAGGGTGAGTCTATGG	59.564	50.0	20	{-7: ('rs7946748', 'G/A,')}	[-5, -3, -2, -1]	0 found	0 predicted	-7.36	considered 1, ok 1	considered 1, ok 1	TCTAAACTGTACCCTGTTAATTCTCCCCTTCCTATGACATGAACTTAACCATAGAAAAGAAGGGGAAAGAAAACATCAAGCGTCCCATAGACTCACCCTGAAGT	104	........................(((((...............................))))).......................................	-1.57	['chr11:5226481:19=1X2=1X:2']	['chr11:5226565:20=:0']	PASS	PASS	PASS	FAIL	PASS	PASS	PASS	PASS
DMAS-0_3T_F_MUT	ATTCTAAACTGTACCCTGTTATTTC	58.011	55.008	54.365	0.643	32.0	25	ACTTCAGGGTGAGTCTATGG	59.564	50.0	20	{-7: ('rs7946748', 'G/A,')}	[-5, -3, -2, -1]	0 found	0 predicted	-7.36	considered 1, ok 1	considered 1, ok 1	ATTCTAAACTGTACCCTGTTATTTCTCCCCTTCCTATGACATGAACTTAACCATAGAAAAGAAGGGGAAAGAAAACATCAAGCGTCCCATAGACTCACCCTGAAGT	106	..........................(((((...............................))))).......................................	-1.88	['chr11:5226479:21=1X2=1X:2']	['chr11:5226565:20=:0']	PASS	PASS	PASS	FAIL	PASS	PASS	PASS	PASS
DMAS-0_3G_F_MUT	TCTAAACTGTACCCTGTTAGTTC	58.809	55.492	54.809	0.683	39.13	23	ACTTCAGGGTGAGTCTATGG	59.564	50.0	20	{-7: ('rs7946748', 'G/A,')}	[-5, -3, -2, -1]	0 found	0 predicted	-7.36	considered 1, ok 1	considered 1, ok 1	TCTAAACTGTACCCTGTTAGTTCTCCCCTTCCTATGACATGAACTTAACCATAGAAAAGAAGGGGAAAGAAAACATCAAGCGTCCCATAGACTCACCCTGAAGT	104	........................(((((...............................))))).......................................	-1.52	['chr11:5226481:19=1X2=1X:2']	['chr11:5226565:20=:0']	PASS	PASS	PASS	FAIL	PASS	PASS	PASS	PASS
DMAS-0_4T_F_MUT	TTCTAAACTGTACCCTGTTTCTTC	59.806	55.37	54.703	0.667	37.5	24	ACTTCAGGGTGAGTCTATGG	59.564	50.0	20	{-7: ('rs7946748', 'G/A,')}	[-5, -3, -2, -1]	0 found	0 predicted	-7.36	considered 1, ok 1	considered 1, ok 1	TTCTAAACTGTACCCTGTTTCTTCTCCCCTTCCTATGACATGAACTTAACCATAGAAAAGAAGGGGAAAGAAAACATCAAGCGTCCCATAGACTCACCCTGAAGT	105	................(.(((((..((((((..(........................).)))))).)))))..)..............................	-3.31	['chr11:5226480:19=1X3=1X:2']	['chr11:5226565:20=:0']	PASS	PASS	PASS	FAIL	PASS	PASS	PASS	PASS
DMAS-0_4C_F_MUT	TTCTAAACTGTACCCTGTTCCTTC	61.61	55.035	54.313	0.722	41.67	24	ACTTCAGGGTGAGTCTATGG	59.564	50.0	20	{-7: ('rs7946748', 'G/A,')}	[-5, -3, -2, -1]	0 found	0 predicted	-7.36	considered 1, ok 0	considered 1, ok 1	TTCTAAACTGTACCCTGTTCCTTCTCCCCTTCCTATGACATGAACTTAACCATAGAAAAGAAGGGGAAAGAAAACATCAAGCGTCCCATAGACTCACCCTGAAGT	105	...............((((.(((..((((((..(........................).)))))).)))..)))).............................	-2.58	['chr11:5226480:19=1X3=1X:2']	['chr11:5226565:20=:0']	PASS	PASS	PASS	FAIL	PASS	PASS	FAIL	FAIL
DMAS-0_4G_F_MUT	AAACTGTACCCTGTTGCTTC	59.857	54.097	53.222	0.875	45.0	20	ACTTCAGGGTGAGTCTATGG	59.564	50.0	20	{-7: ('rs7946748', 'G/A,')}	[-5, -3, -2, -1]	0 found	0 predicted	-7.36	considered 1, ok 0	considered 1, ok 1	AAACTGTACCCTGTTGCTTCTCCCCTTCCTATGACATGAACTTAACCATAGAAAAGAAGGGGAAAGAAAACATCAAGCGTCCCATAGACTCACCCTGAAGT	101	...........((((.(((..((((((..(........................).)))))).)))..)))).............................	-2.76	['chr9:97382715:18=1X1=:1']	['chr11:5226565:20=:0']	FAIL	FAIL	PASS	FAIL	PASS	PASS	FAIL	FAIL
DMAS-0_2A_R_MUT	GTTCATGTCATAGGAAGGGAAG	59.987	55.414	54.906	0.508	45.45	22	CTGAGACTTCCACACTGATG	59.009	50.0	20	0 found	0 predicted	0 found	[-20, -19, -18, -17, -16, -15, -12]	-7.36	considered 1, ok 1	considered 1, ok 0	CTGAGACTTCCACACTGATGCAATCATTCGTCTGTTTCCCATTCTAAACTGTACCCTGTTACTTCTTCCCTTCCTATGACATGAAC	86	......................................................................................	-0.46	['chr11:5226439:20=:0']	['chr11:5226503:1X1=1X19=:2']	PASS	PASS	PASS	PASS	PASS	PASS	FAIL	FAIL
DMAS-0_2T_R_MUT	GTTCATGTCATAGGAAGGGTAG	59.465	54.513	53.996	0.517	45.45	22	CTGAGACTTCCACACTGATG	59.009	50.0	20	0 found	0 predicted	0 found	[-20, -19, -18, -17, -16, -15, -12]	-7.36	considered 1, ok 1	considered 1, ok 0	CTGAGACTTCCACACTGATGCAATCATTCGTCTGTTTCCCATTCTAAACTGTACCCTGTTACTTCTACCCTTCCTATGACATGAAC	86	......................................................................................	-0.47	['chr11:5226439:20=:0']	['chr11:5226503:1X1=1X19=:2']	PASS	PASS	PASS	PASS	PASS	PASS	FAIL	FAIL
DMAS-0_2C_R_MUT	GTTCATGTCATAGGAAGGGCAG	62.68	55.719	55.223	0.496	50.0	22	CTGAGACTTCCACACTGATG	59.009	50.0	20	0 found	0 predicted	0 found	[-20, -19, -18, -17, -16, -15, -12]	-7.36	considered 1, ok 1	considered 1, ok 0	CTGAGACTTCCACACTGATGCAATCATTCGTCTGTTTCCCATTCTAAACTGTACCCTGTTACTTCTGCCCTTCCTATGACATGAAC	86	......................................................................................	-0.47	['chr11:5226439:20=:0']	['chr11:5226503:1X1=1X19=:2']	PASS	PASS	PASS	PASS	PASS	PASS	FAIL	FAIL
DMAS-0_3A_R_MUT	AGTTCATGTCATAGGAAGGAGAG	60.809	55.863	55.418	0.445	43.48	23	CTGAGACTTCCACACTGATG	59.009	50.0	20	0 found	0 predicted	0 found	[-21, -20, -19, -18, -17, -16, -13]	-7.36	considered 1, ok 1	considered 1, ok 0	CTGAGACTTCCACACTGATGCAATCATTCGTCTGTTTCCCATTCTAAACTGTACCCTGTTACTTCTCTCCTTCCTATGACATGAACT	87	.......................................................................................	-0.46	['chr11:5226439:20=:0']	['chr11:5226503:1X2=1X19=:2']	PASS	PASS	PASS	PASS	PASS	PASS	FAIL	FAIL
DMAS-0_3T_R_MUT	AGTTCATGTCATAGGAAGGTGAG	61.276	55.541	55.09	0.451	43.48	23	CTGAGACTTCCACACTGATG	59.009	50.0	20	0 found	0 predicted	0 found	[-21, -20, -19, -18, -17, -16, -13]	-7.36	considered 1, ok 1	considered 1, ok 0	CTGAGACTTCCACACTGATGCAATCATTCGTCTGTTTCCCATTCTAAACTGTACCCTGTTACTTCTCACCTTCCTATGACATGAACT	87	.......................................................................................	-0.47	['chr11:5226439:20=:0']	['chr11:5226503:1X2=1X19=:2']	PASS	PASS	PASS	PASS	PASS	PASS	FAIL	FAIL
DMAS-0_3C_R_MUT	AGTTCATGTCATAGGAAGGCGAG	63.856	55.425	54.969	0.456	47.83	23	CTGAGACTTCCACACTGATG	59.009	50.0	20	0 found	0 predicted	0 found	[-21, -20, -19, -18, -17, -16, -13]	-7.36	considered 1, ok 1	considered 1, ok 0	CTGAGACTTCCACACTGATGCAATCATTCGTCTGTTTCCCATTCTAAACTGTACCCTGTTACTTCTCGCCTTCCTATGACATGAACT	87	.......................................................................................	-0.47	['chr11:5226439:20=:0']	['chr11:5226503:1X2=1X19=:2']	PASS	PASS	PASS	PASS	PASS	PASS	FAIL	FAIL
DMAS-0_4A_R_MUT	AGTTCATGTCATAGGAAGAGGAG	60.809	55.863	55.418	0.445	43.48	23	CTGAGACTTCCACACTGATG	59.009	50.0	20	0 found	0 predicted	0 found	[-21, -20, -19, -18, -17, -16, -13]	-7.36	considered 1, ok 1	considered 1, ok 0	CTGAGACTTCCACACTGATGCAATCATTCGTCTGTTTCCCATTCTAAACTGTACCCTGTTACTTCTCCTCTTCCTATGACATGAACT	87	.......................................................................................	-0.46	['chr11:5226439:20=:0']	['chr11:5226503:1X3=1X18=:2']	PASS	PASS	PASS	PASS	PASS	PASS	FAIL	FAIL
DMAS-0_4T_R_MUT	AGTTCATGTCATAGGAAGTGGAG	61.276	55.541	55.09	0.451	43.48	23	CTGAGACTTCCACACTGATG	59.009	50.0	20	0 found	0 predicted	0 found	[-21, -20, -19, -18, -17, -16, -13]	-7.36	considered 1, ok 1	considered 1, ok 0	CTGAGACTTCCACACTGATGCAATCATTCGTCTGTTTCCCATTCTAAACTGTACCCTGTTACTTCTCCACTTCCTATGACATGAACT	87	.......................................................................................	-0.47	['chr11:5226439:20=:0']	['chr4:12201028:4=1X17=1X:2']	FAIL	FAIL	PASS	PASS	PASS	PASS	FAIL	FAIL
DMAS-0_4C_R_MUT	AGTTCATGTCATAGGAAGCGGAG	63.856	55.425	54.969	0.456	47.83	23	CTGAGACTTCCACACTGATG	59.009	50.0	20	0 found	0 predicted	0 found	[-21, -20, -19, -18, -17, -16, -13]	-7.36	considered 1, ok 1	considered 1, ok 0	CTGAGACTTCCACACTGATGCAATCATTCGTCTGTTTCCCATTCTAAACTGTACCCTGTTACTTCTCCGCTTCCTATGACATGAACT	87	.......................................................................................	-0.47	['chr11:5226439:20=:0']	['chr11:5226503:1X3=1X18=:2']	PASS	PASS	PASS	PASS	PASS	PASS	FAIL	FAIL
